Date,location_name,Total_Sales,Net_Sales,Gross_Sales,Taxes,Returns,Discounts_Comps,Service_Charges,Transactions
2022-10-08,Housebar Navy Yard,17.24,15.67,15.67,1.57,0,0,0,0
2022-10-13,Housebar Navy Yard,408,371,371,37,0,0,0,0
2022-10-14,Housebar Navy Yard,726.06,659,659,67.06,0,0,0,0
2022-10-15,Housebar Navy Yard,2165.13,1964.8,1993.8,200.33,0,-29,0,0
2022-10-16,Housebar Navy Yard,2166.33,1961.6,2018.2,204.73,0,-56.6,0,0
2022-10-17,Housebar Navy Yard,702.71,639.2,644,63.51,0,-4.8,0,0
2022-10-18,Housebar Navy Yard,804.99,729.18,759.18,75.81,0,-30,0,0
2022-10-19,Housebar Navy Yard,526.92,475.06,505.86,51.86,0,-30.8,0,0
2022-10-20,Housebar Navy Yard,1264.77,1147.8,1147.8,116.97,0,0,0,0
2022-10-21,Housebar Navy Yard,1609.43,1458.6,1499.8,150.83,0,-41.2,0,0
2022-10-22,Housebar Navy Yard,2735.8,2477.34,2569.8,258.46,0,-92.46,0,0
2022-10-23,Housebar Navy Yard,1147.26,1039.46,1069.06,107.8,0,-29.6,0,0
2022-10-24,Housebar Navy Yard,356.96,325,325,31.96,0,0,0,0
2022-10-25,Housebar Navy Yard,1056.45,958.8,964.4,97.65,0,-5.6,0,0
2022-10-26,Housebar Navy Yard,1193.29,1081,1109,112.29,0,-28,0,0
2022-10-27,Housebar Navy Yard,1834.06,1657.4,1734.2,176.66,0,-76.8,0,0
2022-10-28,Housebar Navy Yard,1505.35,1366.71,1402.31,138.64,0,-35.6,0,0
2022-10-29,Housebar Navy Yard,3242.79,2945,2971,297.79,0,-26,0,0
2022-10-30,Housebar Navy Yard,3600.15,3267.39,3287.79,332.76,0,-20.4,0,0
2022-10-31,Housebar Navy Yard,599.46,545,545,54.46,0,0,0,0
2022-11-01,Housebar Navy Yard,806.37,728.19,745.39,78.18,0,-17.2,0,0
2022-11-02,Housebar Navy Yard,963.32,873.4,898.2,89.92,0,-24.8,0,0
2022-11-03,Housebar Navy Yard,929.79,844.78,844.78,85.01,0,0,0,0
2022-11-04,Housebar Navy Yard,2355.43,2139.79,2166.99,215.64,0,-27.2,0,0
2022-11-05,Housebar Navy Yard,4275.62,3884.59,3899.99,391.03,0,-15.4,0,0
2022-11-06,Housebar Navy Yard,2925.82,2658.18,2660.18,267.64,0,-2,0,0
2022-11-07,Housebar Navy Yard,595.21,541.4,544.2,53.81,0,-2.8,0,0
2022-11-08,Housebar Navy Yard,1277.59,1162.2,1189.6,115.39,0,-27.4,0,0
2022-11-09,Housebar Navy Yard,1466.95,1330.6,1349.8,136.35,0,-19.2,0,0
2022-11-10,Housebar Navy Yard,1344.39,1216.86,1243.26,127.53,0,-26.4,0,0
2022-11-11,Housebar Navy Yard,2754.87,2499.99,2515.29,254.88,0,-15.3,0,0
2022-11-12,Housebar Navy Yard,2492.53,2262.38,2264.78,230.15,0,-2.4,0,0
2022-11-13,Housebar Navy Yard,2159.02,1956.39,2018.99,202.63,0,-62.6,0,0
2022-11-14,Housebar Navy Yard,500.55,454,454,46.55,0,0,0,0
2022-11-15,Housebar Navy Yard,1132.7,1024.6,1063.8,108.1,0,-39.2,0,0
2022-11-16,Housebar Navy Yard,716.35,649.39,660.49,66.96,0,-11.1,0,0
2022-11-17,Housebar Navy Yard,1263.08,1146,1146,117.08,0,0,0,0
2022-11-18,Housebar Navy Yard,2697.01,2445.66,2477.66,251.35,0,-32,0,0
2022-11-19,Housebar Navy Yard,4766.53,4327.4,4379,439.13,0,-51.6,0,0
2022-11-20,Housebar Navy Yard,2315.2,2109.28,2181.97,205.92,-82.69,0,10,0
2022-11-21,Housebar Navy Yard,678.98,614.3,655.65,64.68,0,-41.35,0,0
2022-11-22,Housebar Navy Yard,1910.96,1714.5,1857.25,196.46,0,-162.75,20,0
2022-11-23,Housebar Navy Yard,2812.7,2535.5,2697.75,277.2,0,-162.25,0,0
2022-11-24,Housebar Navy Yard,1441.03,1300.8,1369.4,140.23,0,-68.6,0,0
2022-11-25,Housebar Navy Yard,1172.21,1071.1,1156.2,101.11,-85.1,0,0,0
2022-11-26,Housebar Navy Yard,3636.07,3301.2,3316.6,334.87,0,-15.4,0,0
2022-11-27,Housebar Navy Yard,1982.45,1796.19,1821.59,186.26,0,-25.4,0,0
2022-11-28,Housebar Navy Yard,522.24,473.1,477.45,49.14,0,-4.35,0,0
2022-11-29,Housebar Navy Yard,1062.48,963.39,966.99,99.09,0,-3.6,0,0
2022-11-30,Housebar Navy Yard,1908.53,1729.42,1751.37,179.11,0,-31.95,10,0
2022-12-01,Housebar Navy Yard,2377.46,2156.42,2197.04,221.04,-21.02,-19.6,0,0
2022-12-02,Housebar Navy Yard,2262.65,2051.6,2063.2,211.05,0,-11.6,0,0
2022-12-03,Housebar Navy Yard,4564.42,4140.89,4169.24,423.53,0,-28.35,0,0
2022-12-04,Housebar Navy Yard,2240.21,2029.3,2074.65,210.91,0,-45.35,0,0
2022-12-05,Housebar Navy Yard,525.43,477,477,48.43,0,0,0,0
2022-12-06,Housebar Navy Yard,1248.85,1133,1135,115.85,0,-2,0,0
2022-12-07,Housebar Navy Yard,1259.47,1140.59,1142.09,118.88,0,-1.5,0,0
2022-12-08,Housebar Navy Yard,3534.63,3207.35,3217.75,327.28,0,-10.4,0,0
2022-12-09,Housebar Navy Yard,3226.43,2925.29,2971.84,301.14,0,-46.55,0,0
2022-12-10,Housebar Navy Yard,5364.33,4864.83,4928.01,499.5,0,-63.18,0,0
2022-12-11,Housebar Navy Yard,2226.68,2012.8,2091.4,213.88,0,-78.6,0,0
2022-12-12,Housebar Navy Yard,1052.03,954.96,949.31,97.07,0,-4.35,10,0
2022-12-13,Housebar Navy Yard,939.33,853,853,86.33,0,0,0,0
2022-12-14,Housebar Navy Yard,1476.45,1340,1340,136.45,0,0,0,0
2022-12-15,Housebar Navy Yard,1806.33,1620.8,1816.9,185.53,0,-196.1,0,0
2022-12-16,Housebar Navy Yard,6860.14,6077.2,6132,782.94,0,-54.8,0,0
2022-12-17,Housebar Navy Yard,4356.46,3955.8,3955.8,400.66,0,0,0,0
2022-12-18,Housebar Navy Yard,3442.34,3126.76,3149.92,315.58,-6.36,-16.8,0,0
2022-12-19,Housebar Navy Yard,993.61,902,905,91.61,0,-3,0,0
2022-12-20,Housebar Navy Yard,2235.34,2019.8,2097.4,215.54,0,-77.6,0,0
2022-12-21,Housebar Navy Yard,2181.68,1979.4,2000.6,202.28,0,-21.2,0,0
2022-12-22,Housebar Navy Yard,2076.09,1870.2,1991.1,205.89,0,-120.9,0,0
2022-12-23,Housebar Navy Yard,8187.53,7820.5,8205.3,367.03,0,-384.8,0,0
2022-12-24,Housebar Navy Yard,2146.63,1931,2072.3,215.63,0,-141.3,0,0
2022-12-25,Housebar Navy Yard,10391.86,9427,9465,964.86,0,-38,0,0
2022-12-26,Housebar Navy Yard,871.83,789.4,804.2,82.43,0,-14.8,0,0
2022-12-27,Housebar Navy Yard,1590.74,1443,1459,147.74,0,-16,0,0
2022-12-28,Housebar Navy Yard,1440.69,1306.8,1306.8,133.89,0,0,0,0
2022-12-29,Housebar Navy Yard,5434.08,4913.99,5139.89,520.09,-17,-208.9,0,0
2022-12-30,Housebar Navy Yard,4016.85,3638.7,3666.3,378.15,0,-27.6,0,0
2022-12-31,Housebar Navy Yard,5984.18,5442.49,5514.98,541.69,-38.89,-33.6,0,0
2023-01-01,Housebar Navy Yard,1985.21,1807.28,1974.56,177.93,-121.28,-46,0,0
2023-01-02,Housebar Navy Yard,469.1,422.6,441.8,46.5,0,-19.2,0,0
2023-01-03,Housebar Navy Yard,1670.46,1512.6,1554.3,157.86,0,-41.7,0,0
2023-01-04,Housebar Navy Yard,1310.39,1182.23,1233.06,128.16,-11.03,-39.8,0,0
2023-01-05,Housebar Navy Yard,877.42,792.79,835.59,84.63,0,-42.8,0,0
2023-01-06,Housebar Navy Yard,1708.26,1546.8,1580.8,161.46,0,-34,0,0
2023-01-07,Housebar Navy Yard,2512.71,2278,2299.5,234.71,0,-21.5,0,0
2023-01-08,Housebar Navy Yard,2612.09,2362.2,2444.1,249.89,0,-81.9,0,0
2023-01-09,Housebar Navy Yard,650.95,590.6,594.3,60.35,0,-3.7,0,0
2023-01-10,Housebar Navy Yard,525.18,474.8,485.4,50.38,0,-10.6,0,0
2023-01-11,Housebar Navy Yard,1335.98,1210.8,1224.4,125.18,0,-13.6,0,0
2023-01-12,Housebar Navy Yard,1139.66,1032.6,1039.8,107.06,0,-7.2,0,0
2023-01-13,Housebar Navy Yard,2462.07,2233.2,2297.1,228.87,0,-63.9,0,0
2023-01-14,Housebar Navy Yard,4505.57,4076.47,4180.23,429.1,0,-103.76,0,0
2023-01-15,Housebar Navy Yard,4330.19,3933.6,3936.5,396.59,0,-2.9,0,0
2023-01-16,Housebar Navy Yard,1648.44,1497.2,1501.6,151.24,0,-4.4,0,0
2023-01-17,Housebar Navy Yard,907.04,823.4,824.2,83.64,0,-0.8,0,0
2023-01-18,Housebar Navy Yard,1019.2,919.4,994.2,99.8,0,-74.8,0,0
2023-01-19,Housebar Navy Yard,1650.3,1493.8,1505.4,156.5,0,-11.6,0,0
2023-01-20,Housebar Navy Yard,2094.24,1903,1910,191.24,0,-7,0,0
2023-01-21,Housebar Navy Yard,4301.97,3880.28,3946.48,421.69,0,-66.2,0,0
2023-01-22,Housebar Navy Yard,2562.72,2327.99,2354.79,234.73,0,-26.8,0,0
2023-01-23,Housebar Navy Yard,1058.85,962.59,962.59,96.26,0,0,0,0
2023-01-24,Housebar Navy Yard,1842.31,1668.2,1692.1,174.11,0,-23.9,0,0
2023-01-25,Housebar Navy Yard,1320.34,1192,1220,128.34,0,-28,0,0
2023-01-26,Housebar Navy Yard,2592.21,2348.45,2697,243.76,-159.85,-188.7,0,0
2023-01-27,Housebar Navy Yard,3134.11,2845.6,2869.3,288.51,0,-23.7,0,0
2023-01-28,Housebar Navy Yard,4067.92,3697,3720.3,370.92,0,-23.3,0,0
2023-01-29,Housebar Navy Yard,1925.45,1743.4,1826.7,182.05,0,-83.3,0,0
2023-01-30,Housebar Navy Yard,578.28,523.6,524.8,54.68,0,-1.2,0,0
2023-01-31,Housebar Navy Yard,1249.53,1129.8,1161.9,119.73,0,-32.1,0,0
2023-02-01,Housebar Navy Yard,1770.24,1605,1645.5,165.24,0,-40.5,0,0
2023-02-02,Housebar Navy Yard,2025.35,1829,1922,196.35,0,-93,0,0
2023-02-03,Housebar Navy Yard,2734.04,2489.2,2495.6,244.84,0,-6.4,0,0
2023-02-04,Housebar Navy Yard,3928.85,3568.12,3675.24,360.73,-55.12,-52,0,0
2023-02-05,Housebar Navy Yard,3127.95,2830,2919,297.95,0,-89,0,0
2023-02-06,Housebar Navy Yard,216.09,196,196,20.09,0,0,0,0
2023-02-07,Housebar Navy Yard,2523.23,2289.1,2310.74,234.13,-4.24,-17.4,0,0
2023-02-08,Housebar Navy Yard,1676.47,1521,1536,155.47,0,-15,0,0
2023-02-09,Housebar Navy Yard,1969.29,1778.6,1785.8,190.69,0,-7.2,0,0
2023-02-10,Housebar Navy Yard,4294.41,3905.2,3929.6,389.21,0,-24.4,0,0
2023-02-11,Housebar Navy Yard,5436.59,4924.2,5052.6,512.39,0,-128.4,0,0
2023-02-12,Housebar Navy Yard,3599.51,3268.6,3281.8,330.91,0,-13.2,0,0
2023-02-13,Housebar Navy Yard,1257.7,1135.6,1156.8,122.1,0,-21.2,0,0
2023-02-14,Housebar Navy Yard,2306.44,2083.6,2144.3,222.84,0,-60.7,0,0
2023-02-15,Housebar Navy Yard,1442.56,1310.6,1355.8,131.96,0,-45.2,0,0
2023-02-16,Housebar Navy Yard,1683.58,1515.6,1632.3,167.98,0,-116.7,0,0
2023-02-17,Housebar Navy Yard,1991.73,1806.8,1838.9,184.93,0,-32.1,0,0
2023-02-18,Housebar Navy Yard,4465.51,4052.4,4070.3,413.11,0,-17.9,0,0
2023-02-19,Housebar Navy Yard,3714.52,3364,3384,350.52,0,-20,0,0
2023-02-20,Housebar Navy Yard,1305.71,1189,1189,116.71,0,0,0,0
2023-02-21,Housebar Navy Yard,1579.01,1437.6,1443.8,141.41,0,-6.2,0,0
2023-02-22,Housebar Navy Yard,2812.14,2531.23,2616.13,280.91,0,-84.9,0,0
2023-02-23,Housebar Navy Yard,3456.17,3133.6,3145.8,322.57,0,-12.2,0,0
2023-02-24,Housebar Navy Yard,3836.84,3483.8,3519.4,353.04,0,-35.6,0,0
2023-02-25,Housebar Navy Yard,4510.68,4096.8,4158.5,413.88,0,-61.7,0,0
2023-02-26,Housebar Navy Yard,2405,2184,2184,221,0,0,0,0
2023-02-27,Housebar Navy Yard,388.88,353.6,344.8,35.28,0,-1.2,10,0
2023-02-28,Housebar Navy Yard,1222.23,1106.6,1111.9,115.63,0,-5.3,0,0
2023-03-01,Housebar Navy Yard,1567.57,1419,1450.5,148.57,0,-31.5,0,0
2023-03-02,Housebar Navy Yard,1946.87,1767.8,1805.4,179.07,0,-47.6,10,0
2023-03-03,Housebar Navy Yard,2463.09,2231.4,2299.2,231.69,0,-67.8,0,0
2023-03-04,Housebar Navy Yard,5795.92,5253.04,5371.68,542.88,-15.44,-103.2,0,0
2023-03-05,Housebar Navy Yard,4675.62,4243.23,4312.56,432.39,-13.23,-56.1,0,0
2023-03-06,Housebar Navy Yard,998.86,894.8,1033.4,104.06,0,-138.6,0,0
2023-03-07,Housebar Navy Yard,1316.67,1186.4,1311.2,130.27,0,-124.8,0,0
2023-03-08,Housebar Navy Yard,1785.74,1623.6,1645.8,162.14,0,-22.2,0,0
2023-03-09,Housebar Navy Yard,2591.79,2348.58,2523.36,243.21,-36.38,-138.4,0,0
2023-03-10,Housebar Navy Yard,2739.52,2484.6,2560.8,254.92,0,-76.2,0,0
2023-03-11,Housebar Navy Yard,4074.53,3693.2,3799.1,381.33,0,-105.9,0,0
2023-03-12,Housebar Navy Yard,3124.52,2831,2898,293.52,0,-67,0,0
2023-03-13,Housebar Navy Yard,1050.98,958,970,92.98,0,-12,0,0
2023-03-14,Housebar Navy Yard,1555.44,1414.43,1637.66,141.01,-123.63,-119.6,20,0
2023-03-15,Housebar Navy Yard,1685.63,1529.94,1545.18,155.69,-8.14,-7.1,0,0
2023-03-16,Housebar Navy Yard,3186.75,2883.2,2963.1,303.55,0,-79.9,0,0
2023-03-17,Housebar Navy Yard,4353.73,3959.4,3990.2,394.33,0,-30.8,0,0
2023-03-18,Housebar Navy Yard,5691.2,5168.2,5188.6,523,-6,-14.4,0,0
2023-03-19,Housebar Navy Yard,2574.29,2335.9,2437.4,238.39,-46.3,-55.2,0,0
2023-03-20,Housebar Navy Yard,752.49,683.6,691.3,68.89,0,-7.7,0,0
2023-03-21,Housebar Navy Yard,1140.71,1035.6,1056.8,105.11,0,-21.2,0,0
2023-03-22,Housebar Navy Yard,1794.77,1627.4,1719.7,167.37,0,-92.3,0,0
2023-03-23,Housebar Navy Yard,2628.62,2385.6,2437.3,243.02,0,-51.7,0,0
2023-03-24,Housebar Navy Yard,3437.18,3112.6,3235.3,324.58,0,-122.7,0,0
2023-03-25,Housebar Navy Yard,5718.72,5188.93,5229.47,529.79,-2.54,-38,0,0
2023-03-26,Housebar Navy Yard,3404.84,3087.2,3123.6,317.64,0,-36.4,0,0
2023-03-27,Housebar Navy Yard,853.53,774.2,804.6,79.33,0,-30.4,0,0
2023-03-28,Housebar Navy Yard,1972.37,1791.2,1852.6,181.17,0,-61.4,0,0
2023-03-29,Housebar Navy Yard,1688.13,1535.6,1549.8,152.53,0,-14.2,0,0
2023-03-30,Housebar Navy Yard,3286.53,2980.6,3044.3,305.93,0,-63.7,0,0
2023-03-31,Housebar Navy Yard,4019.21,3640.26,3681.46,378.95,0,-41.2,0,0
2023-04-01,Housebar Navy Yard,5535.01,5020.8,5094.4,514.21,0,-73.6,0,0
2023-04-02,Housebar Navy Yard,2193.89,1985.4,2030.7,208.49,0,-45.3,0,0
2023-04-03,Housebar Navy Yard,778.97,707.81,761.82,71.16,-49.61,-4.4,0,0
2023-04-04,Housebar Navy Yard,1952.97,1777.4,1794.2,175.57,0,-16.8,0,0
2023-04-05,Housebar Navy Yard,2807.61,2546,2570.5,261.61,0,-24.5,0,0
2023-04-06,Housebar Navy Yard,3699.28,3367.2,3403.6,332.08,0,-36.4,0,0
2023-04-07,Housebar Navy Yard,3422.84,3102.4,3114.7,320.44,0,-12.3,0,0
2023-04-08,Housebar Navy Yard,5717.28,5197.8,5232.9,519.48,-1,-34.1,0,0
2023-04-09,Housebar Navy Yard,2422.06,2184.4,2306.7,237.66,0,-122.3,0,0
2023-04-10,Housebar Navy Yard,1263.82,1148.01,1186.62,115.81,-4.41,-34.2,0,0
2023-04-11,Housebar Navy Yard,1404.16,1273.6,1287.8,130.56,0,-14.2,0,0
2023-04-12,Housebar Navy Yard,2977.46,2705.4,2715.8,272.06,0,-10.4,0,0
2023-04-13,Housebar Navy Yard,2837.86,2575.6,2583.3,262.26,0,-7.7,0,0
2023-04-14,Housebar Navy Yard,4532.08,4106.8,4163.4,425.28,0,-56.6,0,0
2023-04-15,Housebar Navy Yard,5460.99,4968.6,4989.4,492.39,0,-20.8,0,0
2023-04-16,Housebar Navy Yard,4053.38,3680,3757.5,373.38,0,-77.5,0,0
2023-04-17,Housebar Navy Yard,1761.14,1602.4,1613.2,158.74,0,-10.8,0,0
2023-04-18,Housebar Navy Yard,1695.39,1540.6,1575.3,154.79,0,-34.7,0,0
2023-04-19,Housebar Navy Yard,3383.28,3058.8,3252.9,324.48,0,-194.1,0,0
2023-04-20,Housebar Navy Yard,2626.22,2380.99,2451.79,245.23,-21.2,-49.6,0,0
2023-04-21,Housebar Navy Yard,7017.09,6366.99,6378.49,650.1,0,-11.5,0,0
2023-04-22,Housebar Navy Yard,5375.18,4892.79,4904.49,482.39,0,-11.7,0,0
2023-04-23,Housebar Navy Yard,3511.84,3200.59,3239.29,311.25,0,-38.7,0,0
2023-04-24,Housebar Navy Yard,1048,953.8,962.4,94.2,0,-8.6,0,0
2023-04-25,Housebar Navy Yard,1818.85,1656.8,1682.4,162.05,0,-25.6,0,0
2023-04-26,Housebar Navy Yard,1897.92,1732.85,1841.6,165.07,-91.45,-17.3,0,0
2023-04-27,Housebar Navy Yard,2671.17,2425.2,2455.6,245.97,0,-30.4,0,0
2023-04-28,Housebar Navy Yard,3229.68,2929.2,2956.6,300.48,0,-27.4,0,0
2023-04-29,Housebar Navy Yard,6483.03,5871.12,6007.24,611.91,-12.72,-123.4,0,0
2023-04-30,Housebar Navy Yard,2343.15,2115.8,2210.9,227.35,0,-95.1,0,0
2023-05-01,Housebar Navy Yard,1229.68,1119,1128.5,110.68,0,-9.5,0,0
2023-05-02,Housebar Navy Yard,1541.67,1400.2,1409.6,141.47,0,-9.4,0,0
2023-05-03,Housebar Navy Yard,2705.47,2456.79,2500.89,248.68,0,-44.1,0,0
2023-05-04,Housebar Navy Yard,3055.7,2748.19,2937.09,307.51,0,-188.9,0,0
2023-05-05,Housebar Navy Yard,7784.71,7062.66,7188.76,722.05,0,-126.1,0,0
2023-05-06,Housebar Navy Yard,6499.77,5904.1,6051.55,595.67,0,-147.45,0,0
2023-05-07,Housebar Navy Yard,2849.11,2584.6,2615.8,264.51,0,-31.2,0,0
2023-05-08,Housebar Navy Yard,935.64,844.4,860.2,91.24,0,-15.8,0,0
2023-05-09,Housebar Navy Yard,2159.35,1965,2049.4,194.35,-63.6,-20.8,0,0
2023-05-10,Housebar Navy Yard,2361.54,2137,2237,224.54,0,-100,0,0
2023-05-11,Housebar Navy Yard,2484.04,2249.4,2269.2,234.64,0,-19.8,0,0
2023-05-12,Housebar Navy Yard,5022.07,4561.66,4576.16,460.41,0,-14.5,0,0
2023-05-13,Housebar Navy Yard,6197.16,5633.01,5858.62,564.15,-90.41,-135.2,0,0
2023-05-14,Housebar Navy Yard,3629.74,3297,3304.5,332.74,0,-7.5,0,0
2023-05-15,Housebar Navy Yard,1084.07,985.2,988.6,98.87,0,-3.4,0,0
2023-05-16,Housebar Navy Yard,1903.23,1730.64,1781.08,172.59,-19.84,-30.6,0,0
2023-05-17,Housebar Navy Yard,2246.05,2027.5,2168.75,218.55,0,-141.25,0,0
2023-05-18,Housebar Navy Yard,2062.53,1872.5,1896.85,190.03,0,-24.35,0,0
2023-05-19,Housebar Navy Yard,5534.78,5025.8,5058.5,508.98,0,-32.7,0,0
2023-05-20,Housebar Navy Yard,5769.12,5238.6,5252.9,530.52,0,-14.3,0,0
2023-05-21,Housebar Navy Yard,2930.13,2664.16,2700.58,265.97,0,-36.42,0,0
2023-05-22,Housebar Navy Yard,995.23,899.39,976.19,95.84,0,-76.8,0,0
2023-05-23,Housebar Navy Yard,1835.86,1667,1697,168.86,0,-30,0,0
2023-05-24,Housebar Navy Yard,2823.6,2563,2569,260.6,0,-6,0,0
2023-05-25,Housebar Navy Yard,3025.95,2743.8,2798.9,282.15,0,-55.1,0,0
2023-05-26,Housebar Navy Yard,5357.66,4863.97,4948.44,493.69,-31.97,-52.5,0,0
2023-05-27,Housebar Navy Yard,5811.38,5288.7,5463.41,522.68,-112.71,-62,0,0
2023-05-28,Housebar Navy Yard,2966.24,2694.64,2715.28,271.6,-17.64,-3,0,0
2023-05-29,Housebar Navy Yard,1452.23,1315.29,1359.14,136.94,0,-43.85,0,0
2023-05-30,Housebar Navy Yard,845.78,769.8,790.4,75.98,0,-20.6,0,0
2023-05-31,Housebar Navy Yard,3284.43,2976,3031,308.43,0,-55,0,0
2023-06-01,Housebar Navy Yard,2893.42,2619.1,2693.05,274.32,0,-73.95,0,0
2023-06-02,Housebar Navy Yard,3692.46,3351.4,3382.7,341.06,0,-31.3,0,0
2023-06-03,Housebar Navy Yard,5406.81,4912.9,4989.05,493.91,0,-76.15,0,0
2023-06-04,Housebar Navy Yard,3398.71,3087.56,3141.12,311.15,-27.56,-26,0,0
2023-06-05,Housebar Navy Yard,1044.77,950.2,953.1,94.57,0,-2.9,0,0
2023-06-06,Housebar Navy Yard,1813.86,1640.2,1691.6,173.66,0,-51.4,0,0
2023-06-07,Housebar Navy Yard,2004.31,1822.4,1831.7,181.91,0,-9.3,0,0
2023-06-08,Housebar Navy Yard,2409.17,2187.6,2222.3,221.57,0,-34.7,0,0
2023-06-09,Housebar Navy Yard,3303.06,2994.8,3032.4,308.26,0,-37.6,0,0
2023-06-10,Housebar Navy Yard,5992.39,5442.8,5550.9,549.59,0,-108.1,0,0
2023-06-11,Housebar Navy Yard,3368.49,3053.4,3185.2,315.09,0,-131.8,0,0
2023-06-12,Housebar Navy Yard,686.98,625.2,640.2,61.78,0,-15,0,0
2023-06-13,Housebar Navy Yard,2613.57,2366.7,2421.85,246.87,0,-55.15,0,0
2023-06-14,Housebar Navy Yard,2230.91,2022.8,2094.4,208.11,0,-71.6,0,0
2023-06-15,Housebar Navy Yard,3091.04,2807.99,2880.38,283.05,-38.59,-33.8,0,0
2023-06-16,Housebar Navy Yard,4559.03,4140.8,4282.9,418.23,0,-142.1,0,0
2023-06-17,Housebar Navy Yard,7898.36,7164.8,7404.4,733.56,0,-239.6,0,0
2023-06-18,Housebar Navy Yard,4864.62,4379,4670.5,485.62,0,-291.5,0,0
2023-06-19,Housebar Navy Yard,2181.96,1977.8,2033.9,204.16,0,-56.1,0,0
2023-06-20,Housebar Navy Yard,1778.31,1613.8,1653.9,164.51,0,-40.1,0,0
2023-06-21,Housebar Navy Yard,2117.93,1925.8,1942.9,192.13,0,-17.1,0,0
2023-06-22,Housebar Navy Yard,2246.54,2038.48,2124.24,208.06,0,-85.76,0,0
2023-06-23,Housebar Navy Yard,4651.47,4224.4,4269.7,427.07,0,-45.3,0,0
2023-06-24,Housebar Navy Yard,5633.03,5114,5165,519.03,0,-51,0,0
2023-06-25,Housebar Navy Yard,2206.49,2006.1,2107.55,200.39,0,-101.45,0,0
2023-06-26,Housebar Navy Yard,4080.93,3699.4,3752.4,381.53,0,-53,0,0
2023-06-27,Housebar Navy Yard,1182.76,1079.79,1121.28,102.97,-38.59,-2.9,0,0
2023-06-28,Housebar Navy Yard,2717.48,2469,2469,248.48,0,0,0,0
2023-06-29,Housebar Navy Yard,6237.45,5656.73,5711.72,580.72,-38.59,-16.4,0,0
2023-06-30,Housebar Navy Yard,4790.25,4353.6,4433,436.65,0,-79.4,0,0
2023-07-01,Housebar Navy Yard,5363.79,4865,4960,498.79,0,-95,0,0
2023-07-02,Housebar Navy Yard,4185.07,3794.4,3854.2,390.67,0,-59.8,0,0
2023-07-03,Housebar Navy Yard,3829.39,3473.19,3536.09,356.2,0,-62.9,0,0
2023-07-04,Housebar Navy Yard,7055.81,6407.67,6571.49,648.14,-29.77,-134.05,0,0
2023-07-05,Housebar Navy Yard,2682.5,2429.6,2503.8,252.9,0,-74.2,0,0
2023-07-06,Housebar Navy Yard,1633.52,1480.6,1496.3,152.92,0,-15.7,0,0
2023-07-07,Housebar Navy Yard,3546.96,3216,3267.1,330.96,0,-51.1,0,0
2023-07-08,Housebar Navy Yard,4310.59,3911.6,4014.9,398.99,0,-103.3,0,0
2023-07-09,Housebar Navy Yard,3394.34,3075.8,3215.9,318.54,0,-140.1,0,0
2023-07-10,Housebar Navy Yard,867.22,787.8,806.9,79.42,0,-19.1,0,0
2023-07-11,Housebar Navy Yard,1764.8,1601.4,1603.2,163.4,0,-1.8,0,0
2023-07-12,Housebar Navy Yard,2488.31,2262.2,2274.6,226.11,0,-12.4,0,0
2023-07-13,Housebar Navy Yard,2282.06,2077.4,2126.2,204.66,0,-48.8,0,0
2023-07-14,Housebar Navy Yard,4691.94,4247,4540.5,444.94,0,-293.5,0,0
2023-07-15,Housebar Navy Yard,5114.68,4641,4775.5,473.68,0,-134.5,0,0
2023-07-16,Housebar Navy Yard,3734.13,3384.7,3498.35,349.43,0,-113.65,0,0
2023-07-17,Housebar Navy Yard,1057.19,960,996,97.19,0,-36,0,0
2023-07-18,Housebar Navy Yard,2370.32,2151,2179.5,219.32,0,-28.5,0,0
2023-07-19,Housebar Navy Yard,1976.36,1798.4,1801.7,177.96,0,-3.3,0,0
2023-07-20,Housebar Navy Yard,3019.77,2741.4,2791.2,278.37,0,-49.8,0,0
2023-07-21,Housebar Navy Yard,4607.73,4183.8,4284.9,423.93,0,-101.1,0,0
2023-07-22,Housebar Navy Yard,5753.13,5237.6,5309.3,515.53,0,-71.7,0,0
2023-07-23,Housebar Navy Yard,3038.69,2765.4,2821,273.29,-21.2,-34.4,0,0
2023-07-24,Housebar Navy Yard,1406.77,1279,1279,127.77,0,0,0,0
2023-07-25,Housebar Navy Yard,2072.73,1876.5,1899.85,196.23,0,-23.35,0,0
2023-07-26,Housebar Navy Yard,2248.87,2036,2095.5,212.87,0,-59.5,0,0
2023-07-27,Housebar Navy Yard,2558.88,2322.6,2371.3,236.28,0,-48.7,0,0
2023-07-28,Housebar Navy Yard,4523.97,4105.7,4168.85,418.27,0,-63.15,0,0
2023-07-29,Housebar Navy Yard,3973.54,3610.2,3642.6,363.34,0,-32.4,0,0
2023-07-30,Housebar Navy Yard,2859.39,2592.4,2671.2,266.99,0,-78.8,0,0
2023-07-31,Housebar Navy Yard,1411.58,1283.2,1295.6,128.38,0,-12.4,0,0
2023-08-01,Housebar Navy Yard,1905.75,1732.6,1737.8,173.15,0,-5.2,0,0
2023-08-02,Housebar Navy Yard,2322.69,2105,2161.5,217.69,0,-56.5,0,0
2023-08-03,Housebar Navy Yard,4007.22,3635.2,3655.2,372.02,0,-20,0,0
2023-08-04,Housebar Navy Yard,4163.91,3786.7,3819.85,377.21,0,-33.15,0,0
2023-08-05,Housebar Navy Yard,6888.16,6240,6286,648.16,0,-46,0,0
2023-08-06,Housebar Navy Yard,4056.58,3673.53,3772.43,383.05,0,-98.9,0,0
2023-08-07,Housebar Navy Yard,2148.67,1953.8,1982.9,194.87,0,-29.1,0,0
2023-08-08,Housebar Navy Yard,1691.09,1531.4,1672.7,159.69,0,-141.3,0,0
2023-08-09,Housebar Navy Yard,2136.32,1940.96,1977.52,195.36,-25.36,-11.2,0,0
2023-08-10,Housebar Navy Yard,3264.7,2959.2,3031.1,305.5,0,-71.9,0,0
2023-08-11,Housebar Navy Yard,4831.6,4376.6,4521.3,455,0,-144.7,0,0
2023-08-12,Housebar Navy Yard,5822.63,5276.4,5366.7,546.23,0,-90.3,0,0
2023-08-13,Housebar Navy Yard,3488.62,3169.2,3246.6,319.42,0,-77.4,0,0
2023-08-14,Housebar Navy Yard,1003.27,910.4,936.7,92.87,0,-26.3,0,0
2023-08-15,Housebar Navy Yard,1758.5,1580.4,1763.7,178.1,0,-183.3,0,0
2023-08-16,Housebar Navy Yard,1916.98,1713,2026,203.98,0,-313,0,0
2023-08-17,Housebar Navy Yard,3989.33,3614.4,3667.2,374.93,0,-52.8,0,0
2023-08-18,Housebar Navy Yard,4278.94,3888.72,3959.54,390.22,-12.72,-58.1,0,0
2023-08-19,Housebar Navy Yard,6614.49,5998.4,6147.2,616.09,0,-148.8,0,0
2023-08-20,Housebar Navy Yard,2475,2231.1,2344.15,243.9,0,-113.05,0,0
2023-08-21,Housebar Navy Yard,1117.69,1011.4,1051.2,106.29,0,-39.8,0,0
2023-08-22,Housebar Navy Yard,2620.67,2379.2,2411.6,241.47,0,-32.4,0,0
2023-08-23,Housebar Navy Yard,2566.58,2319.4,2435.2,247.18,0,-115.8,0,0
2023-08-24,Housebar Navy Yard,3102.98,2809.6,2974.8,293.38,0,-165.2,0,0
2023-08-25,Housebar Navy Yard,5239.92,4752.6,4880.8,487.32,0,-128.2,0,0
2023-08-26,Housebar Navy Yard,5573.31,5057.6,5187.3,515.71,0,-129.7,0,0
2023-08-27,Housebar Navy Yard,2762.2,2500,2594.5,262.2,0,-94.5,0,0
2023-08-28,Housebar Navy Yard,1106.75,1007.6,1018.8,99.15,0,-11.2,0,0
2023-08-29,Housebar Navy Yard,2195.74,1992.2,2031.6,203.54,0,-39.4,0,0
2023-08-30,Housebar Navy Yard,1651.66,1497.8,1543.9,153.86,0,-46.1,0,0
2023-08-31,Housebar Navy Yard,2442.83,2194,2429.5,248.83,0,-235.5,0,0
2023-09-01,Housebar Navy Yard,5590.63,5059.4,5266.2,531.23,0,-206.8,0,0
2023-09-02,Housebar Navy Yard,3553.14,3219.8,3325.4,333.34,0,-105.6,0,0
2023-09-03,Housebar Navy Yard,1594.28,1446.4,1482.2,147.88,0,-35.8,0,0
2023-09-04,Housebar Navy Yard,2098.17,1900.8,1975.4,197.37,0,-74.6,0,0
2023-09-05,Housebar Navy Yard,1691.41,1533.2,1579.1,158.21,0,-45.9,0,0
2023-09-06,Housebar Navy Yard,1815.91,1607.4,2054.7,208.51,0,-447.3,0,0
2023-09-07,Housebar Navy Yard,920.28,841.2,881.6,79.08,0,-40.4,0,0
2023-09-08,Housebar Navy Yard,3069.06,2787.2,2831.7,281.86,0,-44.5,0,0
2023-09-09,Housebar Navy Yard,5891.88,5334.4,5533.2,557.48,0,-198.8,0,0
2023-09-10,Housebar Navy Yard,2978.56,2707.4,2740.2,271.16,0,-32.8,0,0
2023-09-11,Housebar Navy Yard,999.05,909.8,910.4,89.25,0,-0.6,0,0
2023-09-12,Housebar Navy Yard,2660.06,2411.6,2435.8,248.46,0,-24.2,0,0
2023-09-13,Housebar Navy Yard,3051.94,2760.6,2908.3,291.34,0,-147.7,0,0
2023-09-14,Housebar Navy Yard,2807.52,2547.7,2599.35,259.82,0,-51.65,0,0
2023-09-15,Housebar Navy Yard,6881.43,6231.6,6444.3,649.83,0,-212.7,0,0
2023-09-16,Housebar Navy Yard,6500.85,5897.2,5964.1,603.65,0,-66.9,0,0
2023-09-17,Housebar Navy Yard,2564.4,2322.2,2367.1,242.2,0,-44.9,0,0
2023-09-18,Housebar Navy Yard,951.17,861.4,883.2,89.77,0,-21.8,0,0
2023-09-19,Housebar Navy Yard,2723.72,2456,2656.5,267.72,0,-200.5,0,0
2023-09-20,Housebar Navy Yard,1803.37,1638.8,1665.9,164.57,0,-27.1,0,0
2023-09-21,Housebar Navy Yard,1939.09,1761.6,1790.3,177.49,0,-28.7,0,0
2023-09-22,Housebar Navy Yard,4618.55,4196.61,4430.52,421.94,-108.81,-125.1,0,0
2023-09-23,Housebar Navy Yard,6231.51,5658,5703,573.51,0,-45,0,0
2023-09-24,Housebar Navy Yard,2720.75,2459.4,2548.7,261.35,0,-89.3,0,0
2023-09-25,Housebar Navy Yard,1559.53,1413.06,1433.36,146.47,0,-20.3,0,0
2023-09-26,Housebar Navy Yard,1265.88,1151.4,1170.7,114.48,0,-19.3,0,0
2023-09-27,Housebar Navy Yard,2051.5,1865.88,1933.56,185.62,-33.08,-34.6,0,0
2023-09-28,Housebar Navy Yard,3458.93,3083,3688,375.93,0,-605,0,0
2023-09-29,Housebar Navy Yard,4869.68,4411.7,4538.35,457.98,0,-126.65,0,0
2023-09-30,Housebar Navy Yard,5793.67,5257.4,5362.2,536.27,0,-104.8,0,0
2023-10-01,Housebar Navy Yard,3069.57,2788.3,2926.5,281.27,-41.9,-96.3,0,0
2023-10-02,Housebar Navy Yard,1227.84,1119,1138,108.84,-4,-15,0,0
2023-10-03,Housebar Navy Yard,1705.79,1549.6,1563.3,156.19,0,-13.7,0,0
2023-10-04,Housebar Navy Yard,2351.36,2130,2206.5,221.36,0,-76.5,0,0
2023-10-05,Housebar Navy Yard,2494.77,2248.8,2414.4,245.97,0,-165.6,0,0
2023-10-06,Housebar Navy Yard,4305.41,3909.8,4005.4,395.61,0,-95.6,0,0
2023-10-07,Housebar Navy Yard,5094.12,4599.1,4935.05,495.02,0,-335.95,0,0
2023-10-08,Housebar Navy Yard,2110.52,1912.9,1973.95,197.62,0,-61.05,0,0
2023-10-09,Housebar Navy Yard,1389.54,1258.6,1272.8,130.94,0,-14.2,0,0
2023-10-10,Housebar Navy Yard,1444.36,1312.08,1355.66,132.28,-33.08,-10.5,0,0
2023-10-11,Housebar Navy Yard,2393.87,2166.2,2247.1,227.67,0,-80.9,0,0
2023-10-12,Housebar Navy Yard,2095.77,1887.37,2122.99,208.4,-30.87,-204.75,0,0
2023-10-13,Housebar Navy Yard,5191.96,4691.3,4778.65,500.66,0,-87.35,0,0
2023-10-14,Housebar Navy Yard,4491.2,4071.7,4140.35,419.5,0,-68.65,0,0
2023-10-15,Housebar Navy Yard,3946.47,3584.4,3682.7,362.07,0,-98.3,0,0
2023-10-16,Housebar Navy Yard,1078.18,1001.67,1229.94,76.51,-238.07,-5.2,15,0
2023-10-17,Housebar Navy Yard,1664.73,1514.6,1527.8,150.13,0,-13.2,0,0
2023-10-18,Housebar Navy Yard,2133.83,1939.72,2029.64,194.11,-61.52,-43.4,15,0
2023-10-19,Housebar Navy Yard,2511.3,2277,2327,234.3,0,-68,18,0
2023-10-20,Housebar Navy Yard,4045.83,3682.4,3756.2,363.43,0,-73.8,0,0
2023-10-21,Housebar Navy Yard,3899.36,3538.2,3642.6,361.16,0,-104.4,0,0
2023-10-22,Housebar Navy Yard,3341.93,3030.04,3142.28,311.89,-6.62,-105.62,0,0
2023-10-23,Housebar Navy Yard,354.77,266.2,882.6,88.57,0,-616.4,0,0
2023-10-24,Housebar Navy Yard,1696.94,1526.7,1745.35,170.24,0,-218.65,0,0
2023-10-25,Housebar Navy Yard,1386.45,1252.48,1334.99,133.97,0,-90.01,7.5,0
2023-10-26,Housebar Navy Yard,2152.99,1951.6,1998.3,201.39,0,-46.7,0,0
2023-10-27,Housebar Navy Yard,6992.54,6330.9,6466.7,661.64,0,-143.3,7.5,0
2023-10-28,Housebar Navy Yard,6469.79,5871.2,6050.6,598.59,0,-179.4,0,0
2023-10-29,Housebar Navy Yard,3080.09,2792.2,2895.1,287.89,0,-102.9,0,0
2023-10-30,Housebar Navy Yard,1619.67,1465.8,1513.9,153.87,0,-48.1,0,0
2023-10-31,Housebar Navy Yard,2077.76,1887.2,1947.1,190.56,0,-59.9,0,0
2023-11-01,Housebar Navy Yard,2411.59,2187.8,2213.9,223.79,0,-26.1,0,0
2023-11-02,Housebar Navy Yard,2618.37,2370.6,2433.8,247.77,0,-63.2,0,0
2023-11-03,Housebar Navy Yard,4290.23,3885.5,4009,404.73,0,-131,7.5,0
2023-11-04,Housebar Navy Yard,4893.15,4436.9,4529.45,456.25,0,-92.55,0,0
2023-11-05,Housebar Navy Yard,2949.74,2672.9,2765.45,276.84,0,-92.55,0,0
2023-11-06,Housebar Navy Yard,890.36,807.88,872.56,82.48,-19.08,-45.6,0,0
2023-11-07,Housebar Navy Yard,1850.71,1678.2,1706.1,172.51,0,-27.9,0,0
2023-11-08,Housebar Navy Yard,2313.04,2101.8,2128.4,211.24,0,-26.6,0,0
2023-11-09,Housebar Navy Yard,2964.97,2689.01,2780.01,275.96,0,-91,0,0
2023-11-10,Housebar Navy Yard,3713.56,3370.6,3437.3,342.96,0,-66.7,0,0
2023-11-11,Housebar Navy Yard,5845.93,5303.2,5395.1,542.73,0,-91.9,0,0
2023-11-12,Housebar Navy Yard,3914.79,3554.1,3699.05,360.69,0,-144.95,0,0
2023-11-13,Housebar Navy Yard,943.84,853.8,893.4,90.04,0,-39.6,0,0
2023-11-14,Housebar Navy Yard,2001.07,1819.8,1841.9,181.27,0,-22.1,0,0
2023-11-15,Housebar Navy Yard,1830.28,1661.8,1707.9,168.48,0,-46.1,0,0
2023-11-16,Housebar Navy Yard,2932.45,2649.7,2803.85,282.75,0,-154.15,0,0
2023-11-17,Housebar Navy Yard,4694.69,4235.8,4631.4,458.89,0,-395.6,0,0
2023-11-18,Housebar Navy Yard,6651.32,6032.9,6252.95,618.42,0,-220.05,0,0
2023-11-19,Housebar Navy Yard,3640.39,3307,3424.5,333.39,0,-117.5,0,0
2023-11-20,Housebar Navy Yard,1275.08,1157.6,1191.3,117.48,0,-33.7,0,0
2023-11-21,Housebar Navy Yard,2140.98,1936.8,2114.4,204.18,0,-177.6,0,0
2023-11-22,Housebar Navy Yard,4519.56,4107.19,4281.18,412.37,-29.99,-144,0,0
2023-11-23,Housebar Navy Yard,2968.71,2705.8,2724.9,262.91,0,-19.1,0,0
2023-11-24,Housebar Navy Yard,2156.01,1960,2021.5,196.01,0,-61.5,0,0
2023-11-25,Housebar Navy Yard,3496.85,3166.5,3279.25,330.35,0,-112.75,0,0
2023-11-26,Housebar Navy Yard,1872.98,1699.8,1739.4,173.18,0,-39.6,0,0
2023-11-27,Housebar Navy Yard,1152.34,1046,1046,106.34,0,0,0,0
2023-11-28,Housebar Navy Yard,1375.99,1246.8,1288.4,129.19,0,-41.6,0,0
2023-11-29,Housebar Navy Yard,2244.93,2024.8,2193.9,220.13,0,-169.1,0,0
2023-11-30,Housebar Navy Yard,3110.4,2822.79,2894.4,287.61,0,-85.6,13.99,0
2023-12-01,Housebar Navy Yard,2575.46,2324.8,2485.4,250.66,0,-160.6,0,0
2023-12-02,Housebar Navy Yard,4643.95,4215.8,4315.9,428.15,0,-100.1,0,0
2023-12-03,Housebar Navy Yard,3624.94,3275.4,3514.2,349.54,0,-238.8,0,0
2023-12-04,Housebar Navy Yard,1232.75,1118.8,1125.9,113.95,0,-7.1,0,0
2023-12-05,Housebar Navy Yard,1686.99,1529.95,1678.89,157.04,-48.84,-100.1,0,0
2023-12-06,Housebar Navy Yard,2739.31,2477.8,2572.4,261.51,0,-94.6,0,0
2023-12-07,Housebar Navy Yard,2523.92,2290.8,2332.4,233.12,0,-41.6,0,0
2023-12-08,Housebar Navy Yard,4201.1,3810.28,4027.71,390.82,-36.38,-181.05,0,0
2023-12-09,Housebar Navy Yard,5117.02,4663.8,4747.4,453.22,0,-83.6,0,0
2023-12-10,Housebar Navy Yard,3917.15,3553.1,3680.05,364.05,0,-126.95,0,0
2023-12-11,Housebar Navy Yard,1071.43,966,1044,105.43,0,-78,0,0
2023-12-12,Housebar Navy Yard,2260.14,2047,2113.5,213.14,0,-66.5,0,0
2023-12-13,Housebar Navy Yard,1618.72,1467,1501.5,151.72,0,-34.5,0,0
2023-12-14,Housebar Navy Yard,2026.31,1844.2,1943.1,182.11,0,-98.9,0,0
2023-12-15,Housebar Navy Yard,4061.6,3685.4,3797.95,376.2,0,-114.05,1.5,0
2023-12-16,Housebar Navy Yard,7388.67,6702,6877.5,686.67,0,-175.5,0,0
2023-12-17,Housebar Navy Yard,3102.67,2811.1,2942.55,291.57,0,-131.45,0,0
2023-12-18,Housebar Navy Yard,2068.73,1864.2,2132.6,204.53,0,-268.4,0,0
2023-12-19,Housebar Navy Yard,2853.29,2626.78,2822.56,226.51,-169.78,-26,0,0
2023-12-20,Housebar Navy Yard,3073.44,2793.8,2965.4,279.64,0,-171.6,0,0
2023-12-21,Housebar Navy Yard,4137.68,3743.6,3949.3,394.08,0,-205.7,0,0
2023-12-22,Housebar Navy Yard,4882.98,4441.74,4601.98,441.24,-61.74,-98.5,0,0
2023-12-23,Housebar Navy Yard,5976.23,5436,5620,540.23,0,-184,0,0
2023-12-24,Housebar Navy Yard,4442.64,4025.06,4545.37,417.58,-156.56,-363.75,0,0
2023-12-26,Housebar Navy Yard,819.2,748,754,71.2,0,-6,0,0
2023-12-27,Housebar Navy Yard,2131.37,1932.2,2110.6,199.17,0,-178.4,0,0
2023-12-28,Housebar Navy Yard,3355.39,3057.86,3487.17,297.53,-249.36,-179.95,0,0
2023-12-29,Housebar Navy Yard,4315.29,3912.2,4033.6,403.09,0,-121.4,0,0
2023-12-30,Housebar Navy Yard,5422.11,4914.9,5075.95,507.21,0,-161.05,0,0
2023-12-31,Housebar Navy Yard,7312.44,6630.2,6869,682.24,-19.4,-219.4,0,0
2024-01-01,Housebar Navy Yard,1101.57,997.4,1032.7,104.17,0,-35.3,0,0
2024-01-02,Housebar Navy Yard,823.75,747,775,76.75,0,-28,0,0
2024-01-03,Housebar Navy Yard,743.26,675.6,680.3,67.66,0,-4.7,0,0
2024-01-04,Housebar Navy Yard,841.03,763,805.5,78.03,0,-42.5,0,0
2024-01-05,Housebar Navy Yard,1920.12,1734.7,1820.85,185.42,0,-86.15,0,0
2024-01-06,Housebar Navy Yard,2284.28,2076.2,2105.6,208.08,0,-29.4,0,0
2024-01-07,Housebar Navy Yard,2928.5,2656.7,2776.85,271.8,0,-120.15,0,0
2024-01-08,Housebar Navy Yard,1103.23,998.8,1044.4,104.43,0,-45.6,0,0
2024-01-09,Housebar Navy Yard,763.15,691.2,710.1,71.95,0,-18.9,0,0
2024-01-10,Housebar Navy Yard,1556.55,1409.6,1472.3,146.95,0,-62.7,0,0
2024-01-11,Housebar Navy Yard,1930.45,1747.4,1840.7,183.05,0,-93.3,0,0
2024-01-12,Housebar Navy Yard,2527.49,2291.8,2364.4,235.69,0,-72.6,0,0
2024-01-13,Housebar Navy Yard,4012.64,3641.4,3797.7,371.24,0,-156.3,0,0
2024-01-14,Housebar Navy Yard,2856.93,2591.6,2647.3,265.33,0,-55.7,0,0
2024-01-15,Housebar Navy Yard,1046.81,950.4,974.2,96.41,0,-23.8,0,0
2024-01-16,Housebar Navy Yard,1013.57,920.8,924.4,92.77,0,-3.6,0,0
2024-01-17,Housebar Navy Yard,1352.58,1249.28,1352.48,103.3,0,-103.2,0,0
2024-01-18,Housebar Navy Yard,1254.56,1138.8,1164.4,115.76,0,-25.6,0,0
2024-01-19,Housebar Navy Yard,3223.26,2922.4,2999.7,300.86,0,-77.3,0,0
2024-01-20,Housebar Navy Yard,3639.83,3300.6,3398.3,339.23,0,-97.7,0,0
2024-01-21,Housebar Navy Yard,3003.69,2726.4,2800.7,277.29,0,-74.3,0,0
2024-01-22,Housebar Navy Yard,1196.52,1084.2,1097.6,112.32,0,-13.4,0,0
2024-01-23,Housebar Navy Yard,1867.86,1694.09,1711.2,173.77,0,-47.8,30.69,0
2024-01-24,Housebar Navy Yard,2311.62,2099,2152,212.62,0,-53,0,0
2024-01-25,Housebar Navy Yard,1708.22,1538.6,1666.8,169.62,0,-128.2,0,0
2024-01-26,Housebar Navy Yard,3718.51,3363.2,3585.6,355.31,0,-222.4,0,0
2024-01-27,Housebar Navy Yard,4702.86,4262.4,4403.7,440.46,0,-141.3,0,0
2024-01-28,Housebar Navy Yard,2208.27,1997.8,2069.9,210.47,0,-72.1,0,0
2024-01-29,Housebar Navy Yard,572.31,519.6,528.3,52.71,0,-8.7,0,0
2024-01-30,Housebar Navy Yard,1255.15,1140,1164.5,115.15,0,-24.5,0,0
2024-01-31,Housebar Navy Yard,2365.65,2144.2,2236.6,221.45,0,-92.4,0,0
2024-02-01,Housebar Navy Yard,2176.21,1970.6,2190.8,205.61,0,-220.2,0,0
2024-02-02,Housebar Navy Yard,3619.05,3290.03,3381.16,329.02,-15.43,-75.7,0,0
2024-02-03,Housebar Navy Yard,5234.56,4749.8,4850.4,484.76,0,-100.6,0,0
2024-02-04,Housebar Navy Yard,2195.72,1990.4,2034.2,205.32,0,-43.8,0,0
2024-02-05,Housebar Navy Yard,586.96,533.4,534.7,53.56,0,-1.3,0,0
2024-02-06,Housebar Navy Yard,1619.5,1466.2,1560.6,153.3,0,-94.4,0,0
2024-02-07,Housebar Navy Yard,2318.14,2099.4,2174.2,218.74,0,-74.8,0,0
2024-02-08,Housebar Navy Yard,2639.04,2385.8,2552.4,253.24,0,-166.6,0,0
2024-02-09,Housebar Navy Yard,4532.41,4082.6,4464.3,449.81,0,-381.7,0,0
2024-02-10,Housebar Navy Yard,6259.8,5684.6,5776.3,575.2,0,-91.7,0,0
2024-02-11,Housebar Navy Yard,5626.19,5103.2,5334.6,522.99,0,-231.4,0,0
2024-02-12,Housebar Navy Yard,808.89,734,753.5,74.89,0,-19.5,0,0
2024-02-13,Housebar Navy Yard,2072.36,1898.43,2067.53,173.93,-176.09,-13.65,20.64,0
2024-02-14,Housebar Navy Yard,3042.48,2762.7,2799.35,279.78,0,-36.65,0,0
2024-02-15,Housebar Navy Yard,2752.53,2490.76,2938.42,261.77,-164.36,-283.3,0,0
2024-02-16,Housebar Navy Yard,3142.24,2850.7,2926.85,291.54,0,-83.15,7,0
2024-02-17,Housebar Navy Yard,3968.27,3604.99,3697.3,363.28,0,-107.7,15.39,0
2024-02-18,Housebar Navy Yard,4300.6,3900.2,3951.6,400.4,0,-51.4,0,0
2024-02-19,Housebar Navy Yard,875.43,795.8,811.9,79.63,0,-16.1,0,0
2024-02-20,Housebar Navy Yard,1195.24,1085.5,1118.75,109.74,0,-33.25,0,0
2024-02-21,Housebar Navy Yard,1420.6,1290.77,1341.34,129.83,-31.97,-18.6,0,0
2024-02-22,Housebar Navy Yard,1943.5,1761.2,1839.1,182.3,0,-77.9,0,0
2024-02-23,Housebar Navy Yard,3851.57,3489.62,3758.08,361.95,-48.51,-219.95,0,0
2024-02-24,Housebar Navy Yard,6171.17,5610.2,5656.6,560.97,0,-46.4,0,0
2024-02-25,Housebar Navy Yard,3836.41,3484.4,3527.2,352.01,0,-42.8,0,0
2024-02-26,Housebar Navy Yard,993.94,900.8,951.9,93.14,0,-51.1,0,0
2024-02-27,Housebar Navy Yard,1293.7,1172.4,1183.7,121.3,0,-11.3,0,0
2024-02-28,Housebar Navy Yard,1332.72,1213,1229,119.72,0,-16,0,0
2024-02-29,Housebar Navy Yard,2212.27,2006.4,2093.7,205.87,0,-87.3,0,0
2024-03-01,Housebar Navy Yard,4602.55,4183.1,4245.55,419.45,0,-62.45,0,0
2024-03-02,Housebar Navy Yard,6020.6,5466.6,5566.3,554,0,-99.7,0,0
2024-03-03,Housebar Navy Yard,3606.82,3275.2,3367.9,331.62,-21.2,-71.5,0,0
2024-03-04,Housebar Navy Yard,363.61,256.4,1120,107.93,7.72,903.6,0,37
2024-03-05,Housebar Navy Yard,392.31,242.75,1512,149.56,0,1305.25,0,41
2024-03-06,Housebar Navy Yard,335.29,181.55,1529,153.74,0,1347.45,0,39
2024-03-07,Housebar Navy Yard,587.49,255.95,3317,331.54,0,3061.05,0,76
2024-03-08,Housebar Navy Yard,630.23,236.75,3977,394.62,20.14,3721.25,0,91
2024-03-09,Housebar Navy Yard,422.12,145.05,2740,277.07,0,2690.95,0,61
2024-03-10,Housebar Navy Yard,469.83,320.69,1523,149.88,8,1299.05,0,36
2024-03-11,Housebar Navy Yard,224.06,95.1,1288,128.96,0,1192.9,0,38
2024-03-12,Housebar Navy Yard,483.71,293.95,1933,189.76,0,1711.05,0,59
2024-03-13,Housebar Navy Yard,594.22,407.56,1912,186.66,0,1553.44,0,56
2024-03-14,Housebar Navy Yard,827.73,524.25,3088,303.48,0,2563.75,0,70
2024-03-15,Housebar Navy Yard,1077.03,733.65,3636,343.38,0,2902.35,0,88
2024-03-16,Housebar Navy Yard,1104.26,680.5,4314,423.76,0,3765.5,0,99
2024-03-17,Housebar Navy Yard,301.84,126.55,1783,175.29,0,1656.45,0,45
2024-03-18,Housebar Navy Yard,540.23,333.35,2065,206.88,0,1731.65,0,47
2024-03-19,Housebar Navy Yard,227.2,83.1,1448,144.1,0,1364.9,0,36
2024-03-20,Housebar Navy Yard,689.89,450.7,2405,239.19,0,1954.3,0,65
2024-03-21,Housebar Navy Yard,350.42,41.7,3069,308.72,0,3027.3,0,51
2024-03-22,Housebar Navy Yard,775,383.15,3924,391.85,0,3540.85,0,89
2024-03-23,Housebar Navy Yard,789.01,275.75,5113,513.26,0,4837.25,0,102
2024-03-24,Housebar Navy Yard,249.43,100.4,1531,149.03,0,1430.6,0,34
2024-03-25,Housebar Navy Yard,319.05,128.4,1905,190.65,0,1796.6,0,40
2024-03-26,Housebar Navy Yard,234.07,122.8,1113,111.27,0,990.2,0,38
2024-03-27,Housebar Navy Yard,250.43,97.1,1516,153.33,0,1418.9,0,44
2024-03-28,Housebar Navy Yard,371.06,170.85,1990,200.21,0,1819.15,0,51
2024-03-29,Housebar Navy Yard,981.23,519.77,4634,461.46,0,4114.23,0,109
2024-03-30,Housebar Navy Yard,902.55,367.25,5469,542.16,80.86,5027.75,0,113
2024-03-31,Housebar Navy Yard,195.14,71.8,1261,123.34,0,1189.2,0,35
2024-04-01,Housebar Navy Yard,445.31,230.25,2209,215.06,0,1978.75,0,48
2024-04-02,Housebar Navy Yard,1045.76,795.25,2549,250.51,0,2053.75,0,52
2024-04-03,Housebar Navy Yard,360.52,130.2,2295,230.32,0,2164.8,0,51
2024-04-04,Housebar Navy Yard,509.25,207.35,3001,301.9,0,2793.65,0,71
2024-04-05,Housebar Navy Yard,1092.91,643.2,4503,449.71,0,3871.8,0,99
2024-04-06,Housebar Navy Yard,1512.62,1013.29,5146,509.19,106.01,4075.56,0,130
2024-04-07,Housebar Navy Yard,605.82,438.2,1695,167.62,0,1326.8,0,47
2024-04-08,Housebar Navy Yard,297.47,131.4,1652,166.07,0,1538.6,0,45
2024-04-09,Housebar Navy Yard,453.71,280.35,1732,173.36,0,1451.65,0,51
2024-04-10,Housebar Navy Yard,692.5,413.15,2833,279.35,0,2419.85,0,69
2024-04-11,Housebar Navy Yard,638.34,401.85,2365,236.49,0,1991.15,0,61
2024-04-12,Housebar Navy Yard,1020.02,661.3,3637,358.72,0,2975.7,0,84
2024-04-13,Housebar Navy Yard,1458.89,852.95,6146,605.94,0,5353.05,0,140
2024-04-14,Housebar Navy Yard,785.85,593.65,1982,192.2,0,1388.35,0,45
2024-04-15,Housebar Navy Yard,283.78,160.7,1238,123.08,0,1116.3,0,35
2024-04-16,Housebar Navy Yard,533.54,349.46,1901,186.93,36.84,1543.55,0,59
2024-04-17,Housebar Navy Yard,456.94,217.65,2382,239.29,0,2164.35,0,56
2024-04-18,Housebar Navy Yard,649.75,366.5,2834,283.25,0,2467.5,0,65
2024-04-19,Housebar Navy Yard,1194.43,806.1,3928,388.33,0,3121.9,0,90
2024-04-20,Housebar Navy Yard,1037.65,553.65,4857,484,0,4303.35,0,121
2024-04-21,Housebar Navy Yard,293.5,160,1363,133.5,0,1203,0,29
2024-04-22,Housebar Navy Yard,366.86,153.2,2161,213.66,0,2050.8,0,50
2024-04-23,Housebar Navy Yard,442.63,308.3,1380,134.33,0,1071.7,0,49
2024-04-24,Housebar Navy Yard,413.85,166.6,2476,247.25,0,2309.4,0,55
2024-04-25,Housebar Navy Yard,452.3,262.2,1951,190.1,0,1721.8,0,58
2024-04-26,Housebar Navy Yard,930.87,537.15,4069,393.72,0,3531.85,0,99
2024-04-27,Housebar Navy Yard,1057.42,618.85,4481,438.57,0,3862.15,0,106
2024-04-28,Housebar Navy Yard,965.41,661.1,3221,312.2,84.89,2482.9,0,76
2024-04-29,Housebar Navy Yard,538.03,345.9,1949,192.85,7.72,1623.1,0,55
2024-04-30,Housebar Navy Yard,513.02,312.4,2139,200.62,0,1826.6,0,53
2024-05-01,Housebar Navy Yard,884.58,556.05,3393,331.71,34.18,2919.95,0,74
2024-05-02,Housebar Navy Yard,429.36,183.3,2497,246.06,0,2313.7,0,64
2024-05-03,Housebar Navy Yard,877.63,391.4,5072,486.23,0,4680.6,0,109
2024-05-04,Housebar Navy Yard,960.62,510.25,4613,450.37,0,4197.75,0,115
2024-05-05,Housebar Navy Yard,370.05,187.01,1910,183.04,0,1722.99,0,48
2024-05-06,Housebar Navy Yard,377.53,218.65,1611,158.88,0,1527.35,0,45
2024-05-07,Housebar Navy Yard,634.51,454.9,1809,179.61,0,1354.1,0,47
2024-05-08,Housebar Navy Yard,281.28,87.75,1932,193.53,0,1844.25,0,59
2024-05-09,Housebar Navy Yard,327.85,177.95,1522,149.9,0,1344.05,0,42
2024-05-10,Housebar Navy Yard,897.94,455.45,4497,443.71,13.22,4029.55,0,95
2024-05-11,Housebar Navy Yard,706.51,341.75,3843,366.3,16.54,3486.25,0,103
2024-05-12,Housebar Navy Yard,258.58,104.8,1593,153.78,0,1488.2,0,33
2024-05-13,Housebar Navy Yard,204.3,105.95,990,98.35,0,884.05,0,36
2024-05-14,Housebar Navy Yard,428.41,267.83,1728,160.58,0,1460.17,0,47
2024-05-15,Housebar Navy Yard,553.45,321.35,2370,232.1,0,2048.65,0,56
2024-05-16,Housebar Navy Yard,1290.7,916.85,3833,373.85,0,2916.15,0,74
2024-05-17,Housebar Navy Yard,882.54,425.9,4663,456.64,0,4266.1,0,98
2024-05-18,Housebar Navy Yard,900.68,479.25,4320,421.43,0,3840.75,0,90
2024-05-19,Housebar Navy Yard,426.18,195.5,2305,230.68,0,2109.5,0,47
2024-05-20,Housebar Navy Yard,279.64,142.05,1426,137.59,0,1283.95,0,51
2024-05-21,Housebar Navy Yard,510.69,278.7,2342,231.99,0,2063.3,0,56
2024-05-22,Housebar Navy Yard,2341.01,2114.55,2381,230.66,45.2,225.45,0,62
2024-05-23,Housebar Navy Yard,2417.07,2200.9,2249,216.17,0,48.1,0,61
2024-05-24,Housebar Navy Yard,5319.39,4847.55,4974,471.84,0,126.45,0,120
2024-05-25,Housebar Navy Yard,5829.8,5302.75,5521,529.1,22.05,198.25,0,117
2024-05-26,Housebar Navy Yard,3073.8,2792.75,2930,281.05,0,137.25,0,71
2024-05-27,Housebar Navy Yard,1903.03,1728.2,1752,174.83,0,23.8,0,53
2024-05-28,Housebar Navy Yard,1797.96,1632.3,1651,165.66,0,18.7,0,36
2024-05-29,Housebar Navy Yard,1993.3,1808.8,1836,184.5,0,27.2,0,48
2024-05-30,Housebar Navy Yard,2871.18,2608.95,2641,262.23,0,87.05,0,75
2024-05-31,Housebar Navy Yard,4670.96,4245.6,4430,429.26,41.9,146.4,0,92
2024-06-01,Housebar Navy Yard,4528.03,4114.55,4265,413.48,0,150.45,0,118
2024-06-02,Housebar Navy Yard,2255.94,2054,2183,201.94,0,129,0,50
2024-06-03,Housebar Navy Yard,1252.73,1137.27,1171,115.46,0,33.73,0,41
2024-06-04,Housebar Navy Yard,2510.18,2279.2,2305,230.98,0,25.8,0,62
2024-06-05,Housebar Navy Yard,2251.26,2043.7,2074,207.56,0,30.3,0,57
2024-06-06,Housebar Navy Yard,2882.2,2618.8,2647,263.4,0,41.2,0,69
2024-06-07,Housebar Navy Yard,6536.99,5941.3,6034,595.69,0,92.7,0,135
2024-06-08,Housebar Navy Yard,1928.11,1158.05,7779,770.06,0,6800.95,0,186
2024-06-09,Housebar Navy Yard,413.85,258.5,1587,155.35,0,1328.5,0,41
2024-06-10,Housebar Navy Yard,1571.91,1382.02,1919,189.89,0,536.98,0,48
2024-06-11,Housebar Navy Yard,1977.41,1799,1815,178.41,0,16,0,41
2024-06-12,Housebar Navy Yard,2183.43,1983.4,2038,200.03,0,54.6,0,60
2024-06-13,Housebar Navy Yard,3446.94,3129.9,3286,317.04,0,156.1,0,78
2024-06-14,Housebar Navy Yard,5691.05,5179.76,5285,511.29,0,105.24,0,112
2024-06-15,Housebar Navy Yard,6447.14,5859.2,5939,587.94,0,174.8,0,125
2024-06-16,Housebar Navy Yard,2763.66,2517.8,2571,245.86,0,232.2,0,58
2024-06-17,Housebar Navy Yard,1311.28,1190.9,1269,126.22,62.84,21.1,0,44
2024-06-18,Housebar Navy Yard,2313.26,2104.25,2148,209.01,0,43.75,0,59
2024-06-19,Housebar Navy Yard,4678.76,4256.1,4321,422.66,0,64.9,0,83
2024-06-20,Housebar Navy Yard,3275.75,2981.2,3038,294.55,0,56.8,0,69
2024-06-21,Housebar Navy Yard,3391.1,3081.1,3158,310,0,76.9,0,89
2024-06-22,Housebar Navy Yard,5066.52,4606.45,4700,460.07,0,212.55,0,125
2024-06-23,Housebar Navy Yard,1485.78,1349.7,1397,136.08,0,47.3,0,32
2024-06-24,Housebar Navy Yard,1664.08,1510.1,1546,153.98,0,35.9,0,40
2024-06-25,Housebar Navy Yard,2169.75,1970.9,2054,198.85,0,83.1,0,57
2024-06-26,Housebar Navy Yard,1840.06,1672.6,1698,167.46,0,25.4,0,41
2024-06-27,Housebar Navy Yard,3117.78,2833.4,2906,284.38,0,72.6,0,74
2024-06-28,Housebar Navy Yard,4609.32,4190.35,4306,418.97,0,156.65,0,96
2024-06-29,Housebar Navy Yard,4933.1,4486.25,4667,446.85,0,257.75,0,110
2024-06-30,Housebar Navy Yard,2679.24,2438.6,2527,240.64,0,88.4,0,40
2024-07-01,Housebar Navy Yard,1525.88,1387.99,1413,137.89,0,25.01,0,51
2024-07-02,Housebar Navy Yard,2208.35,2007.35,2151,201,0,143.65,0,44
2024-07-03,Housebar Navy Yard,5389.97,4895.3,4962,494.67,0,66.7,0,120
2024-07-04,Housebar Navy Yard,6208.83,5642.15,5778,566.68,0,173.85,0,157
2024-07-05,Housebar Navy Yard,3238.45,2940.6,2999,297.85,0,58.4,0,88
2024-07-06,Housebar Navy Yard,4417.41,4015.65,4105,401.76,0,89.35,0,87
2024-07-07,Housebar Navy Yard,1444.7,1312.75,1340,131.95,0,27.25,0,36
2024-07-08,Housebar Navy Yard,1868.51,1697.85,1730,170.66,0,32.15,0,42
2024-07-09,Housebar Navy Yard,1931.63,1755.25,1819,176.38,0,63.75,0,32
2024-07-10,Housebar Navy Yard,2056.56,1869.8,1899,186.96,2.1,27.3,0,48
2024-07-11,Housebar Navy Yard,2841.27,2590.2,2608,251.07,0,17.8,0,63
2024-07-12,Housebar Navy Yard,4010.76,3650.35,3747,360.41,0,501.65,0,89
2024-07-13,Housebar Navy Yard,3942.93,3587.8,3641,355.13,0,53.2,0,87
2024-07-14,Housebar Navy Yard,1842.3,1674.5,1698,167.8,0,23.5,0,41
2024-07-15,Housebar Navy Yard,1429.5,1298.7,1341,130.8,0,42.3,0,37
2024-07-16,Housebar Navy Yard,1573.83,1431.2,1464,142.63,0,32.8,0,48
2024-07-17,Housebar Navy Yard,2327.85,2112.75,2170,215.1,0,57.25,0,48
2024-07-18,Housebar Navy Yard,2712.4,2468.85,2627,255.85,132.3,96.15,0,58
2024-07-19,Housebar Navy Yard,5032.07,4575.2,4653,460.36,37.49,43.8,0,104
2024-07-20,Housebar Navy Yard,4084.44,3716.4,3781,368.04,0,64.6,0,91
2024-07-21,Housebar Navy Yard,1977.31,1795.9,1857,181.41,0,61.1,0,41
2024-07-22,Housebar Navy Yard,1260.49,1143.75,1157,116.74,0,13.25,0,29
2024-07-23,Housebar Navy Yard,2820.01,2567.2,2632,252.81,0,64.8,0,51
2024-07-24,Housebar Navy Yard,2139.14,1941,1949,198.14,0,8,0,47
2024-07-25,Housebar Navy Yard,2758.68,2508.1,2521,250.58,0,12.9,0,54
2024-07-26,Housebar Navy Yard,3970.37,3615.15,3670,355.22,0,54.85,0,87
2024-07-27,Housebar Navy Yard,4853.23,4412.45,4497,440.78,0,84.55,0,97
2024-07-28,Housebar Navy Yard,1724.17,1569.75,1671,154.42,0,101.25,0,55
2024-07-29,Housebar Navy Yard,1983.07,1800.4,1817,182.67,0,16.6,0,42
2024-07-30,Housebar Navy Yard,1797.39,1635.2,1687,162.19,0,51.8,0,52
2024-07-31,Housebar Navy Yard,2198.19,1996.4,2010,201.79,0,13.6,0,54
2024-08-01,Housebar Navy Yard,2260.11,2054.5,2081,205.61,0,26.5,0,58
2024-08-02,Housebar Navy Yard,3986.5,3620.85,3670,365.65,0,49.15,0,79
2024-08-03,Housebar Navy Yard,4268.28,3887.6,3938,380.68,0,50.4,0,87
2024-08-04,Housebar Navy Yard,1615.34,1468.9,1528,146.44,0,59.1,0,37
2024-08-05,Housebar Navy Yard,1122.06,1022.4,1051,99.66,0,28.6,0,35
2024-08-06,Housebar Navy Yard,2161.43,1962,1975,199.43,0,13,0,56
2024-08-07,Housebar Navy Yard,2021.94,1837.9,1879,184.04,0,41.1,0,51
2024-08-08,Housebar Navy Yard,2252.42,2044.65,2076,207.77,0,31.35,0,51
2024-08-09,Housebar Navy Yard,3434.9,3123.75,3172,311.15,0,48.25,0,74
2024-08-10,Housebar Navy Yard,4341.24,3948.65,4077,398.53,63.89,70.4,0,105
2024-08-11,Housebar Navy Yard,1570.69,1426.35,1556,144.34,0,129.65,0,34
2024-08-12,Housebar Navy Yard,1904.78,1729.9,1743,174.88,0,13.1,0,45
2024-08-13,Housebar Navy Yard,1655.32,1501.4,1513,153.92,0,11.6,0,35
2024-08-14,Housebar Navy Yard,2534.05,2299,2377,235.05,0,78,0,46
2024-08-15,Housebar Navy Yard,2952.25,2684.6,2734,267.65,0,49.4,0,64
2024-08-16,Housebar Navy Yard,4439.04,4032.4,4118,406.64,0,85.6,0,99
2024-08-17,Housebar Navy Yard,4050.11,3685.55,3794,369.99,58.43,55.45,0,78
2024-08-18,Housebar Navy Yard,1453.53,1321.3,1454,132.23,0,132.7,0,39
2024-08-19,Housebar Navy Yard,1442.84,1314.38,1433,132.23,49.77,72.62,0,36
2024-08-20,Housebar Navy Yard,2250.86,2045,2074,205.86,0,29,0,53
2024-08-21,Housebar Navy Yard,2253.42,2046.95,2089,206.47,0,42.05,0,54
2024-08-22,Housebar Navy Yard,2735.35,2483.65,2529,251.7,0,45.35,0,59
2024-08-23,Housebar Navy Yard,5573.5,5072.45,5345,501.05,0,660.55,0,102
2024-08-24,Housebar Navy Yard,5836.72,5304.35,5364,532.37,0,59.65,0,118
2024-08-25,Housebar Navy Yard,1912.62,1742.4,1768,170.22,0,25.6,0,36
2024-08-26,Housebar Navy Yard,2315.22,2103.95,2219,215.78,48.51,71.05,0,44
2024-08-27,Housebar Navy Yard,2170.48,1973.05,2026,197.43,0,52.95,0,52
2024-08-28,Housebar Navy Yard,2369.48,2154.75,2198,214.73,0,43.25,0,49
2024-08-29,Housebar Navy Yard,1871.97,1701.95,1734,170.02,0,32.05,0,39
2024-08-30,Housebar Navy Yard,4333.44,3944.7,4147,388.74,0,202.3,0,92
2024-08-31,Housebar Navy Yard,5306.88,4827,4961,479.88,0,134,0,111
2024-09-01,Housebar Navy Yard,1994.82,1811.75,1854,183.07,0,42.25,0,50
2024-09-02,Housebar Navy Yard,2345.43,2133.7,2218,211.73,0,84.3,0,62
2024-09-03,Housebar Navy Yard,1956.09,1777.35,1810,178.74,0,32.65,0,37
2024-09-04,Housebar Navy Yard,1711.9,1555,1589,156.9,0,34,0,47
2024-09-05,Housebar Navy Yard,2085.48,1898.15,1949,187.33,0,50.85,0,46
2024-09-06,Housebar Navy Yard,3468.1,3154.35,3247,313.75,0,307.65,0,85
2024-09-07,Housebar Navy Yard,5396.53,4909.85,4986,486.68,0,76.15,0,104
2024-09-08,Housebar Navy Yard,1788.51,1625.4,1634,163.11,0,8.6,0,36
2024-09-09,Housebar Navy Yard,1660.54,1508.95,1533,151.59,0,24.05,0,39
2024-09-10,Housebar Navy Yard,3090.07,2807.3,2850,282.77,0,42.7,0,82